{
    "root_group": {
        "id": "d41d8cd98f00b204e9800998ecf8427e",
        "groups": {},
        "checks": {
                "status is 2xx on raw": {
                    "name": "status is 2xx on raw",
                    "path": "::status is 2xx on raw",
                    "id": "c6beda98f391252f331677983e3330a7",
                    "passes": 9009,
                    "fails": 0
                }
            },
        "name": "",
        "path": ""
    },
    "metrics": {
        "iteration_duration": {
            "med": 8172.539,
            "max": 18669.0194,
            "p(90)": 13302.24412,
            "p(95)": 14617.676100000002,
            "avg": 7848.843357509154,
            "min": 121.232
        },
        "http_req_duration{endpoint:base64}": {
            "avg": 0,
            "min": 0,
            "med": 0,
            "max": 0,
            "p(90)": 0,
            "p(95)": 0,
            "thresholds": {
                "p(95)<60000": false
            }
        },
        "http_req_duration": {
            "med": 8063.9667,
            "max": 18567.9021,
            "p(90)": 13194.89644,
            "p(95)": 14511.44196,
            "avg": 7743.73983538682,
            "min": 20.5817
        },
        "http_req_duration{endpoint:raw}": {
            "min": 20.5817,
            "med": 8063.9667,
            "max": 18567.9021,
            "p(90)": 13194.89644,
            "p(95)": 14511.44196,
            "avg": 7743.73983538682,
            "thresholds": {
                "p(95)<60000": false
            }
        },
        "http_req_waiting": {
            "min": 14.084,
            "med": 8034.3562,
            "max": 18565.4742,
            "p(90)": 13156.77218,
            "p(95)": 14464.369020000002,
            "avg": 7694.007758275062
        },
        "data_received": {
            "count": 4131801381,
            "rate": 13666688.600904003
        },
        "iterations": {
            "count": 9009,
            "rate": 29.798914868397002
        },
        "http_req_tls_handshaking": {
            "med": 0,
            "max": 0,
            "p(90)": 0,
            "p(95)": 0,
            "avg": 0,
            "min": 0
        },
        "http_req_sending": {
            "avg": 0.12424900654900643,
            "min": 0,
            "med": 0,
            "max": 275.5105,
            "p(90)": 0,
            "p(95)": 0.5539200000000001
        },
        "http_req_failed": {
            "passes": 0,
            "fails": 9009,
            "thresholds": {
                "rate<0.05": false
            },
            "value": 0
        },
        "timeout_errors": {
            "count": 0,
            "rate": 0,
            "thresholds": {
                "count<100": false
            }
        },
        "checks": {
            "passes": 9009,
            "fails": 0,
            "value": 1
        },
        "vus_max": {
            "value": 400,
            "min": 400,
            "max": 400
        },
        "vus": {
            "value": 14,
            "min": 2,
            "max": 400
        },
        "http_reqs": {
            "count": 9009,
            "rate": 29.798914868397002
        },
        "http_req_duration{expected_response:true}": {
            "min": 20.5817,
            "med": 8063.9667,
            "max": 18567.9021,
            "p(90)": 13194.89644,
            "p(95)": 14511.44196,
            "avg": 7743.73983538682
        },
        "errors": {
            "passes": 0,
            "fails": 9009,
            "value": 0
        },
        "data_sent": {
            "count": 881608,
            "rate": 2916.0796691417186
        },
        "http_req_connecting": {
            "p(90)": 0,
            "p(95)": 0,
            "avg": 0.09593079143079151,
            "min": 0,
            "med": 0,
            "max": 165.2488
        },
        "http_req_receiving": {
            "med": 16.8695,
            "max": 2570.9519,
            "p(90)": 100.62194,
            "p(95)": 169.06396000000007,
            "avg": 49.60782810522786,
            "min": 0
        },
        "connection_errors": {
            "count": 0,
            "rate": 0,
            "thresholds": {
                "count<30": false
            }
        },
        "http_req_blocked": {
            "min": 0,
            "med": 0,
            "max": 165.2488,
            "p(90)": 0,
            "p(95)": 0.5595800000000003,
            "avg": 0.11376828726828729
        }
    }
}